Column1;Column2;Column3;Column4;Column5;Column6;Column7
<ID|readonly|noverify>;<English>;<French>;<Italian>;;;
hotkeys/ID_HUMAN_JUMP;Jump;Jump;same;;;
hotkeys/ID_HUMAN_SPRINT;Sprint;Fast run;nice;;;
hotkeys/ID_HUMAN_FIRE_HEADER;Weaponry;Weaponry;same;;;
hotkeys/ID_FIRE_HUMAN;Fire from the main calibre gun;Fire from the main calibre gun;nice;;;
hotkeys/ID_FIRE_HUMAN_SECONDARY_GUN;Fire from secondary guns;Fire from secondary guns;nice;;;
hotkeys/ID_FIRE_HUMAN_MACHINE_GUN;Fire from the underbarrel grenade launcher;Fire from the underbarrel grenade launcher;nice;;;
hotkeys/ID_FIRE_HUMAN_SPECIAL_GUN;Fire from special guns;Fire from special guns;nice;;;
hotkeys/ID_SELECT_HUMAN_GUN_RESET;Reset weapon selection;Reset weapon selection;nice;;;
hotkeys/ID_SELECT_HUMAN_GUN_MACHINEGUN;Select the machine gun;Select the machine gun;nice;;;
hotkeys/ID_SELECT_HUMAN_GUN_PRIMARY;Select the primary weapon;Select the primary weapon;nice;;;
hotkeys/ID_SELECT_HUMAN_GUN_SECONDARY;Select the secondary weapon;Select the secondary weapon;nice;;;
hotkeys/ID_HUMAN_SMOKE_GRENADE;Smoke grenades;Smoke grenades;nice;;;
hotkeys/ID_WEAPON_LOCK_HUMAN;Weapon lock;Weapon lock;nice;;;
hotkeys/ID_SENSOR_SWITCH_HUMAN;Switch Radar/IRST search on/off;Switch Radar/IRST search on/off;nice;;;
hotkeys/ID_SENSOR_TARGET_SWITCH_HUMAN;Select the Radar/IRST target to lock;Select the Radar/IRST target to lock;nice;;;
hotkeys/ID_SENSOR_TARGET_LOCK_HUMAN;Lock the Radar/IRST on the target;Lock the Radar/IRST on the target;nice;;;
hotkeys/ID_HUMAN_NIGHT_VISION;Night vision mode;Night vision mode;nice;;;
hotkeys/ID_HUMAN_THERMAL_WHITE_IS_HOT;Change the thermal sight color scheme;Changing the color scheme of the thermal sight;nice;;;
hotkeys/ID_HUMAN_TOGGLE_RANGEFINDER;Rangefinder;Rangefinder;same;;;
hotkeys/ID_HUMAN_VIEW_HEADER;Camera control;Camera control;nice;;;
hotkeys/ID_TOGGLE_VIEW_HUMAN;Sniper mode;Sniper mode;nice;;;
hotkeys/ID_TARGETING_HOLD_HUMAN;Target tracking;Target tracking;nice;;;
hotkeys/ID_HUMAN_OTHER_HEADER;Miscellaneous;Miscellaneous;same;;;
hotkeys/ID_START_SUPPORT_PLANE_HUMAN;UAV Online;UAV Launch;nice;;;
hotkeys/ID_SUPPORT_PLANE_ORBITING_HUMAN;Hover;Hover;same;;;
hotkeys/ID_SUBMARINE_SWITCH_FUSE_MODE;Switch fuze mode;Switch fuze mode;nice;;;
hotkeys/ID_SHIP_SWITCH_ACTIVE_SONAR;Sonar mode on/off;Sonar mode on/off;nice;;;
hotkeys/ID_SHIPS_TOGGLE_HYDROPHONE_MODE;Hydrophone mode on/off;Hydrophone mode on/off;nice;;;
hotkeys/ID_ENABLE_TARGET_TRACKING_TANK;Enable ATT;Enable ATT;nice;;;
hotkeys/ID_HUMAN_ORDERS_MENU;Squad orders menu;Squad orders menu;nice;;;
hotkeys/ID_HUMAN_WEAPON_MENU;Weapon control menu: switching fire modes, using modules (underbarrel weapon, laser sight, flashlight);Weapon control menu: switching fire modes, using modules (underbarrel weapon, laser sight, flashlight);nice;;;
hotkeys/ID_HUMAN_MAIN_WEAPON;Switching between main weapon and module;Switching between main weapon and module;nice;;;
hotkeys/ID_HUMAN_SELECT_PREV_SOLDIER;Select previos soldier;Select previos soldier;nice;;;
hotkeys/ID_HUMAN_SELECT_NEXT_SOLDIER;Select next soldier;Select next soldier;nice;;;
hotkeys/ID_HUMAN_CONTEXT_COMMAND_NEXT_SOLDIER;Select next soldier;Select next soldier;nice;;;
hotkeys/ID_HUMAN_CONTEXT_COMMAND_NEXT_POSE;Change selected soldier pose;Change selected soldier pose;nice;;;
hotkeys/ID_HUMAN_CONTEXT_COMMAND;(hold the button) choose the location of the soldier. Order will be given if you release the button.;(hold the button) choose the location of the soldier. Order will be given if you release the button.;nice;;;
hotkeys/ID_CREW_SWITCH_CONTROL_NEXT;Switch member;Switch member;nice;;;
hotkeys/ID_GRENADE_THROW_HEADER;Throw grenade;Throw grenade;nice;;;
hotkeys/ID_HUMAN_WEAP_MOD_TOGGLE;Toggle underbarrel grenade launcher;Underbarrel grenade launcher mode on/off;nice;;;
hotkeys/ID_HUMAN_LASER_TOGGLE;Toggle laser;Laser mode on/off;nice;;;
hotkeys/ID_HUMAN_FLASH_LIGHT_TOGGLE;Toggle flashlight;Flashlight mode on/off;nice;;;
hotkeys/ID_HUMAN_FIRING_MOD_NEXT;Switch fire modes;Switch fire modes;nice;;;
hotkeys/ID_TARGET_CAMERA_HUMAN_DRONE;Tracking Camera: Enemy;Tracking Camera: Enemy;nice;;;
hotkeys/ID_HUMAN_SHOOT;Shooting or using;Shooting or using;nice;;;
hotkeys/ID_HUMAN_AIM;Aiming or capturing;Aiming or capturing;nice;;;
hotkeys/ID_HUMAN_CROUCH;Sit down;Sit down;nice;;;
hotkeys/ID_HUMAN_CRAWL;Lie down;Lie down;nice;;;
hotkeys/ID_HUMAN_RELOAD;Reload gun;Reload gun;nice;;;
hotkeys/ID_HUMAN_HOLD_BREATH;Hold breath;Hold breath;nice;;;
hotkeys/ID_HUMAN_BIPODTOGGLE;Toggle bipod;Mount on bipod;nice;;;
hotkeys/ID_HUMAN_NEXT_ZOOM;Change zoom;Change zoom;nice;;;
hotkeys/ID_HUMAN_THROW;Throw grenade;Throw grenade;nice;;;
hotkeys/ID_HUMAN_WEAP_AMMO_TOGGLE;Change ammo type;Change ammunition;nice;;;
hotkeys/ID_CONTROL_MODE_HUMAN_UAV;Hover mode;Hover mode;nice;;;
hotkeys/ID_LOCK_TARGETING_AT_POINT_HUMAN_UAV;Sight stabilization;Sight stabilization;nice;;;
hotkeys/ID_UNLOCK_TARGETING_AT_POINT_HUMAN_UAV;Disable sight stabilization;Disable sight stabilization;nice;;;
hotkeys/ID_HUMAN_UAV;UAV;UAV;same;;;
hotkeys/ID_TOGGLE_VIEW_HUMAN_UAV;Toggle View;Toggle View;nice;;;
hotkeys/ID_HUMAN_NEXT_AFTER_DEATH;Switch to next;Switch to next;nice;;;
hotkeys/ID_REPAIR_HUMAN;Repair;Repair;same;;;
hotkeys/ID_HUMAN_SHOOT_MELEE;Melee attack;Melee strike;nice;;;
hotkeys/ID_HUMAN_USE_MEDKIT;Use medkit;Use medkit;nice;;;
controls/human_wheelmenu_x;Radial menu navigation (X-axis);Radial menu navigation (X-axis);nice;;;
controls/human_wheelmenu_y;Radial menu navigation (Y-axis);Radial menu navigation (Y-axis);nice;;;
controls/hold_button_for_fast_sprint;Hold for fast run;Hold for fast run;nice;;;
controls/aim_time_nonlinearity_human;Gamepad aim acceleration;Gamepad aim acceleration;nice;;;
controls/aim_acceleration_delay_human;Aim acceleration delay;Aim acceleration delay;nice;;;
controls/help/human_move;Movement direction;The direction of movement;nice;;;
controls/help/squad_info;Under your command, you have up to 5 soldiers who follow you unless you give them another order.;Under your command, you have up to 5 soldiers who follow you unless you give them another order.;nice;;;
controls/help/controlledHuman;Soldier under direct control;Soldier under direct control;nice;;;
controls/help/humanForOrder;Soldier chosen for the order;Soldier chosen for the order;nice;;;
controls/help/humanSlotInfo;"Above: a special weapon or item carried by a soldier.
Bottom: type of explosive.
You can give an order to use them.";"Above: a special weapon or item carried by a soldier.
Bottom: type of explosive.
You can give an order to use them.";nice;;;
controls/help/changeHumanPose;Change pose or posture;Changes the soldier's turn;nice;;;
controls/help/humanChangeInfo;Switch to soldier (1 ... 5) in the squad.;Switch to soldier (1 ... 5) in the squad.;nice;;;
controls/help/humanHoldPosition;A soldier holding position may cover a specified direction.;A soldier holding a position effectively controls the specified direction.;nice;;;
controls/human_mouse_aim_x;Infantryman aiming (X-axis);Infantryman aiming (X-axis);nice;;;
controls/human_mouse_aim_y;Infantryman aiming (Y-axis);Infantryman aiming (Y-axis);nice;;;
controls/ID_HUMAN_UAV;Drone Control;Drone Control;nice;;;
controls/human_uav_roll;Roll axis;Roll axis;nice;;;
controls/human_uav_pitch;Pitch axis;Pitch axis;nice;;;
controls/human_uav_yaw;Yaw axis;Yaw axis;nice;;;
controls/human_uav_throttle;Throttle axis;Throttle axis;nice;;;
controls/human_uav_climb;Hover height;Hover height;nice;;;
controls/ID_CONTROL_MODE_HUMAN_UAV;Hover mode;Hover mode;nice;;;
hotkeys/human_mouse_aim_x;Infantryman aiming (X-axis);Infantryman aiming (X-axis);nice;;;
hotkeys/human_mouse_aim_y;Infantryman aiming (Y-axis);Infantryman aiming (Y-axis);nice;;;
controls/human_camx;View in battle - Infantry (X-axis);View in battle - Infantry (X-axis);nice;;;
controls/human_camy;View in battle - Infantry (Y-axis);View in battle - Infantry (Y-axis);nice;;;
hotkeys/ID_HUMAN_MOVE_HEADER;Movement;Movement;same;;;
hotkeys/ID_HUMAN_CONTROL_HEADER;Infantry;Infantry;same;;;
controls/human_walk;Move axis;Move axis;nice;;;
controls/human_strafe;Strafe axis;Strafe axis;nice;;;
infantry_camouflage;Soldiers camouflage;Soldiers camouflage;nice;;;
exp_reasons/kill_human;Infantry neutralized;Infantry neutralized;nice;;;
unit_type/human;Infantry;Infantry;same;;;
flightmenu/btnBailoutHuman;Get rid of the soldier;Get rid of the soldier;nice;;;
flightmenu/questionBailoutHuman;You want this soldier to fall out of a window?;Are you sure you want to get rid of the soldier?;nice;;;
mainmenu/firearms;Firearms;Firearms;same;;;
mainmenu/type_human;Firearm;Firearm;same;;;
crew/vision;Attentiveness;Attentiveness;same;;;
crew/mobility;Mobility;Mobility;same;;;
crew/weapon_handling;Weapon handling;Weapon handling;nice;;;
crew/hpMult;Vitality;Vitality;same;;;
crew/enduranceMult;Endurance;Endurance;same;;;
crew/longerBreathHolding;Breath holding;Breath holding;nice;;;
crew/medkitHealingPowerMult;Medical skills;Medical skills;nice;;;
crew/visionSpottingDistanceMultiplier;Target detection;Target detection;nice;;;
crew/visionSpottingMultiplier;Target identification;Target identification;nice;;;
crew/runSpeedMult;Run speed;Run speed;nice;;;
crew/aimSpeedMult;Aim speed;Aim speed;nice;;;
crew/bombPlantSpeedMult;Bomb planting speed;Bomb planting speed;nice;;;
crew/weaponChangeSpeedMult;Weapon change speed;Weapon change speed;nice;;;
crew/poseChangeSpeedMult;Pose change speed;Pose change speed;nice;;;
crew/reloadSpeedMult;Reload speed;Reload speed;nice;;;
crew/horizontalRecoilMult;Horizontal recoil resistance;Horizontal recoil resistance;nice;;;
crew/verticalRecoilMult;Vertical recoil resistance;Vertical recoil resistance;nice;;;
crew/weaponTurningSpeedMult;Weapon turning speed;Weapon turning speed;nice;;;
crew/weaponSwayForceMult;Weapon stability;Weapon stability;nice;;;
crew/squadAdditionalSoldierCount;Soldier count;Soldier count;nice;;;
crew/vitality/hpMult/tooltip;;;same;;;
crew/vitality/enduranceMult/tooltip;;;same;;;
crew/vitality/longerBreathHolding/tooltip;;;same;;;
crew/vitality/medkitHealingPowerMult/tooltip;;;same;;;
crew/vision/visionSpottingDistanceMultiplier/tooltip;;;same;;;
crew/vision/visionSpottingMultiplier/tooltip;;;same;;;
crew/mobility/runSpeedMult/tooltip;;;same;;;
crew/mobility/aimSpeedMult/tooltip;;;same;;;
crew/mobility/bombPlantSpeedMult/tooltip;;;same;;;
crew/mobility/weaponChangeSpeedMult/tooltip;;;same;;;
crew/mobility/poseChangeSpeedMult/tooltip;;;same;;;
crew/weapon_handling/reloadSpeedMult/tooltip;;;same;;;
crew/weapon_handling/horizontalRecoilMult/tooltip;;;same;;;
crew/weapon_handling/verticalRecoilMult/tooltip;;;same;;;
crew/weapon_handling/weaponTurningSpeedMult/tooltip;;;same;;;
crew/weapon_handling/weaponSwayForceMult/tooltip;;;same;;;
crew/groundService/squadAdditionalSoldierCount/tooltip;;;same;;;
multiplayer/human_kills;Cargo 200;Infantry Neutralized;nice;;;
expEventScore/killHuman;Mobnik Eliminated;Neutralization of infantry;nice;;;
msgbox/applyToAllInfantrySkins;"Are you sure you want to apply the camouflage
 {skin} for BR({br}) {location}, {team}
 to all firearms?";"Are you sure you want to apply the camouflage
 {skin} for BR({br}) {location}, {team}
 to all firearms?";nice;;;
mainmenu/changeFirearm;Change firearm;Change firearm;nice;;;
hint/humanPickUpWeaponAmmo;Pick up ammo;Pick up ammo;nice;;;
hint/humanUse;Use;Use;same;;;
hint/humanPickUp;Pick Up;Pick Up;nice;;;
hint/humanThrowBack;Toss grenade back;Throw grenade back;nice;;;
hint/humanSwitchWeapons;Switch Weapons;Switch Weapons;nice;;;
hint/humanOpenDoor;Open Door;Open Door;nice;;;
hint/humanCloseDoor;Close Door;Close Door;nice;;;
hint/humanOpenWindow;Open Window;Open Window;nice;;;
hint/humanCloseWindow;Close Window;Close Window;nice;;;
hints/drone/cooldown_for_launch;Cooldown: {seconds} seconds;Cooldown: {seconds} seconds;nice;;;
hints/drone_switch_control_mode;Turn off hover mode;Turn off hover mode;nice;;;
hint/medkitUsage;{{ID_HUMAN_USE_MEDKIT}} Use medkit;{{ID_HUMAN_USE_MEDKIT}} Use medkit;nice;;;
hint/bleeding_tip;Stop bleeding;Stop bleeding;nice;;;
hint/burning_tip;Extinguish the fire;Extinguish the fire;nice;;;
hint/soldier_switch_already_under_control;This soldier is already under your control;This soldier is already under your control;nice;;;
hint/soldier_switch_not_active;This soldier is not active anymore;This soldier is not active anymore;nice;;;
hint/soldier_switch_wrong_index;You only have {numSoldiers} soldiers in your squad;You only have {numSoldiers} soldiers in your squad;nice;;;
hint/context_command/no_alive_squadmates;All soldiers Cargo 200;No active soldiers in the squad;nice;;;
hint/context_command/all_orders_canceled;All orders cancelled;All orders cancelled;nice;;;
hint/context_command/personal_order_canceled;Personal order cancelled;Personal order cancelled;nice;;;
hint/squad_orders/soldier_reports_failed_to_throw_grenade;The soldier failed to throw a grenade to the specified point;The soldier failed to throw a grenade to the specified point;nice;;;
hint/squad_orders/no_way_to_throw_grenade_nobody_can_reach;The soldier cannot throw a grenade to the specified point;The soldier cannot throw a grenade to the specified point;nice;;;
hint/squad_orders/soldier_reports_failed_to_attack_vehicle;The soldier will not attack the vehicle;The soldier cannot attack the specified vehicle;nice;;;
hint/personal_context_command_canceled/too_far;Personal order cancelled. You are too far from your squadmate;Personal order cancelled. You are too far from your squadmate;nice;;;
hint/squad/next_soldier_after_death;Next soldier;Next soldier;nice;;;
hint/hold_breath_to_aim;{{ID_HUMAN_HOLD_BREATH}} hold breath;{{ID_HUMAN_HOLD_BREATH}} hold breath;nice;;;
hint/next_variable_zoom_tip;Change magnification;Change magnification;nice;;;
squad_orders/frag_grenade;Frag;Frag;same;;;
squad_orders/smoke_grenade;Smoke;Smoke;same;;;
squad_orders/flash_grenade;Flash;Flash;same;;;
squad_orders/cancel_mate_order;Cancel order;Cancel order;nice;;;
squad_orders/cancel_orders;Cancel all orders;Cancel all orders;nice;;;
squad_orders/orders_menu;Squad actions...;Squad actions...;nice;;;
squad_orders/attack_vehicle;Attack vehicle;Attack vehicle;nice;;;
squad_orders/select_specific_soldier;Take soldier under control;Take soldier under control;nice;;;
weapon_menu/human/header;Weapon menu;Weapon menu;nice;;;
weapon_menu/fire_mods/title;Fire modes;Fire modes;nice;;;
weapon_menu/fire_mods/switch;Switch fire mode;Switch fire mode;nice;;;
weapon_menu/fire_mods/bolt_action;Manual;Manual;same;;;
weapon_menu/fire_mods/full_auto;Auto;Auto;same;;;
weapon_menu/fire_mods/full_auto_slow;Auto Slow;Auto Slow;nice;;;
weapon_menu/fire_mods/semi_auto;Semi;Semi;same;;;
weapon_menu/fire_mods/semi_auto_2_shots;Burst 2;Burst 2;nice;;;
weapon_menu/fire_mods/semi_auto_3_shots;Burst 3;Burst 3;nice;;;
weapon_menu/fire_mods/no_fire_mods;;No other fire modes available;nice;;;
weapon_menu/unbarrel/activate_unbarrel_gun;Activate underbarrel grenade launcher;Activate underbarrel grenade launcher;nice;;;
weapon_menu/unbarrel/deactivate_unbarrel_gun;Deactivate underbarrel grenade launcher;Deactivate underbarrel grenade launcher;nice;;;
weapon_menu/unbarrel/no_unbarrel_mode;;No underbarrel gun installed;nice;;;
weapon_menu/laser/activate;Activate laser;Activate laser;nice;;;
weapon_menu/laser/deactivate;Deactivate laser;Deactivate laser;nice;;;
weapon_menu/laser/no_laser_mod;;No laser mod installed;nice;;;
weapon_menu/flashlight/activate;Activate flashlight;Activate flashlight;nice;;;
weapon_menu/flashlight/deactivate;Deactivate flashlight;Deactivate flashlight;nice;;;
weapon_menu/flashlight/no_flashlight_mod;;No flashlight mod installed;nice;;;
death/bulletHit;Bullet hit;Bullet hit;nice;;;
death/headshotHit;Headshot hit;Headshot hit;nice;;;
death/meleeHit;Melee hit;Melee hit;nice;;;
death/bleedOut;Bleeding;Bleeding;same;;;
death/fallDmg;Falling from a height;Falling from a height;nice;;;
death/ranOver;Colliding with a vehicle;Colliding with a vehicle;nice;;;
death/nearbyExplosion;Nearby explosion;Nearby explosion;nice;;;
death/humanDrown;Drowned;Drowned;same;;;
death/mapArea;Desertion;Left the battlefield;nice;;;
hint/miningWall;Mine the wall;Mine the wall;nice;;;
hint/reassemblingWall;Reassemble the wall;Reassemble the wall;nice;;;
hints/gun_needs_bipod;Bipod required;Bipod required;nice;;;
hints/place_bipod;Mount weapon;Mount weapon;nice;;;
hints/drone/respawn_is_missing;No spawn point for the drone;No spawn point for the drone;nice;;;
hints/drone/bleeding_warning;Operator bleeding;Operator injured;trim;;;
hints/drone/not_availble_in_mission;No drones available;Not available in the mission;nice;;;
hints/drone/lost_signal;Signal lost;Signal lost;nice;;;
hints/drone/out_of_area;Out of signal range;Out of signal range;nice;;;
hints/drone/near_area_border;Signal range boundary;Signal range boundary;nice;;;
hints/drone/weak_signal;Weak signal;Weak signal;nice;;;
hints/resupply/medkit_box_refill;Refill medkits;Refill medkits;nice;;;
hints/resupply/medkit_box_item_is_full;Maximum medkits;Maximum medkits;nice;;;
hints/resupply/useful_box_empty;Empty box;The box is empty;nice;;;
hints/resupply/enemy_crate;Enemy box;Enemy box;nice;;;
hints/resupply/explosive_box_refill;Refill explosives;Refill explosives;nice;;;
hints/resupply/ammo_box_refill;Refill ammo;Refill ammo;nice;;;
hints/resupply/armor_box_refill;Restore armor;Restore armor;nice;;;
hints/resupply/ammo_full;Ammo is full;Ammo is full;nice;;;
modification/scope_aimpoint_pro_red_dot;Aimpoint Pro;Red dot;trim;;;
modification/scope_aimpoint_pro_red_dot/desc;Installs a red dot sight on the main weapon.;Installs a red dot sight on the main weapon.;nice;;;
modification/scope_trijicon_rmr_red_dot;Trijicon RMR;Micro Red dot;nice;;;
modification/scope_trijicon_rmr_red_dot/desc;Installs a red dot sight on the main weapon.;Installs a red dot sight on the main weapon.;nice;;;
modification/scope_vzor_red_dot;ZenitCo Vzor-1;Red dot;trim;;;
modification/scope_vzor_red_dot/desc;Installs a red dot sight on the main weapon.;Installs a red dot sight on the main weapon.;nice;;;
modification/scope_aimpoint_acro_p2_red_dot;Aimpoint Acro P2;Red dot;trim;;;
modification/scope_aimpoint_acro_p2_red_dot/desc;Installs a red dot sight on the main weapon.;Installs a red dot sight on the main weapon.;nice;;;
modification/scope_m68_cco;Aimpoint M68 CCO;Red dot;trim;;;
modification/scope_m68_cco/desc;Installs a red dot sight on the main weapon.;Installs a red dot sight on the main weapon.;nice;;;
modification/scope_1p63;1P63 Obzor;Red dot;trim;;;
modification/scope_1p63/desc;Installs a red dot sight on the main weapon.;Installs a red dot sight on the main weapon.;nice;;;
modification/scope_ekp_8_18_cobra;EKP-8-18 Kobra;Red dot;trim;;;
modification/scope_ekp_8_18_cobra/desc;Installs a red dot sight on the main weapon.;Installs a red dot sight on the main weapon.;nice;;;
modification/scope_exps3;EOTech EXPS3;Holo sight;trim;;;
modification/scope_exps3/desc;Installs a holographic sight on the main weapon.;Installs a holographic sight on the main weapon.;nice;;;
modification/scope_1p87;1P87 Valday;Holo sight;trim;;;
modification/scope_1p87/desc;Installs a holographic sight on the main weapon.;Installs a holographic sight on the main weapon.;nice;;;
modification/scope_scp_t4iecdq;Leapers UTG T4 4x32;Scope 4x;trim;;;
modification/scope_scp_t4iecdq/desc;Installs an optical sight on the main weapon.;Installs an optical sight on the main weapon.;nice;;;
modification/scope_pso1_ak_4x;PSO-1 4x24;Scope 4x;trim;;;
modification/scope_pso1_ak_4x/desc;Installs an optical sight on the main weapon.;Installs an optical sight on the main weapon.;nice;;;
modification/scope_acog_ta31;Trijicon M150 RCO ACOG 4x32;Scope 4x;trim;;;
modification/scope_acog_ta31/desc;Installs an optical sight on the main weapon.;Installs an optical sight on the main weapon.;nice;;;
modification/scope_vortex_lpvo;Vortex LPVO;LPVO;trim;;;
modification/scope_vortex_lpvo/desc;Installs low-power variable optics on the main weapon.;Installs low-power variable optics on the main weapon.;nice;;;
modification/scope_sig_tango6_x6;Sig Tango6 1x-6x;LPVO;trim;;;
modification/scope_sig_tango6_x6/desc;Installs low-power variable optics on the main weapon.;Installs low-power variable optics on the main weapon.;nice;;;
modification/scope_an_pas;AN/PAS-13B 5x;Thermal;trim;;;
modification/scope_an_pas/desc;Installs a thermal imaging sight on the main weapon.;Installs a thermal imaging sight on the main weapon.;nice;;;
modification/scope_scotopia_s350f;S350F 3x;Thermal;trim;;;
modification/scope_scotopia_s350f/desc;Installs a thermal imaging sight on the main weapon.;Installs a thermal imaging sight on the main weapon.;nice;;;
modification/scope_shakhin;Shakhin 3.7x;Thermal;trim;;;
modification/scope_shakhin/desc;Installs a thermal imaging sight on the main weapon.;Installs a thermal imaging sight on the main weapon.;nice;;;
modification/tactical_flashlight;Flashlight;Flashlight;same;;;
modification/tactical_flashlight/desc;Installs a tactical flashlight on the main weapon.;Installs a tactical flashlight on the main weapon.;nice;;;
modification/tactical_laser_us;Laser;Laser;same;;;
modification/tactical_laser_us/desc;Installs a tactical laser pointer on the main weapon.;Installs a tactical laser pointer on the main weapon.;nice;;;
modification/tactical_laser_ussr;Laser;Laser;same;;;
modification/tactical_laser_ussr/desc;Installs a tactical laser pointer on the main weapon.;Installs a tactical laser pointer on the main weapon.;nice;;;
modification/tactical_block_us;Advanced target pointer;Advanced target pointer;nice;;;
modification/tactical_block_us/desc;Installs an advanced target pointer on the main weapon.;Installs an advanced target pointer on the main weapon.;nice;;;
modification/tactical_block_ussr;Advanced target pointer;Advanced target pointer;nice;;;
modification/tactical_block_ussr/desc;Installs an advanced target pointer on the main weapon.;Installs an advanced target pointer on the main weapon.;nice;;;
modification/muzzle_223cb_compensator;223CB;Muzzle brake;nice;;;
modification/muzzle_223cb_compensator/desc;Installs a muzzle brake on the main weapon.;Installs a muzzle brake on the main weapon.;nice;;;
modification/muzzle_m11_sd_compensator;M11 Severe-Duty;Muzzle brake;trim;;;
modification/muzzle_m11_sd_compensator/desc;Installs a muzzle brake on the main weapon.;Installs a muzzle brake on the main weapon.;nice;;;
modification/muzzle_vector_vr_13_compensator;Vecotr VR-13;Muzzle brake;nice;;;
modification/muzzle_vector_vr_13_compensator/desc;Installs a muzzle brake on the main weapon.;Installs a muzzle brake on the main weapon.;nice;;;
modification/muzzle_zenith_dtk_3_compensator;ZenitCo DTK-3;Muzzle brake;trim;;;
modification/muzzle_zenith_dtk_3_compensator/desc;Installs a muzzle brake on the main weapon.;Installs a muzzle brake on the main weapon.;nice;;;
modification/muzzle_socom556_suppressor;Surefire RC;Suppressor;trim;;;
modification/muzzle_socom556_suppressor/desc;Installs a suppressor on the main weapon.;Installs a suppressor on the main weapon.;nice;;;
modification/muzzle_xm5_suppressor;Sig SLX762C;Suppressor;trim;;;
modification/muzzle_xm5_suppressor/desc;Installs a suppressor on the main weapon.;Installs a suppressor on the main weapon.;nice;;;
modification/muzzle_m110a1_suppressor;OSS SRM6;Suppressor;nice;;;
modification/muzzle_m110a1_suppressor/desc;Installs a suppressor on the main weapon.;Installs a suppressor on the main weapon.;nice;;;
modification/muzzle_gls_mac_supressor;GLS MAC;Suppressor;nice;;;
modification/muzzle_gls_mac_supressor/desc;Installs a muzzle brake on the main weapon.;Installs a muzzle brake on the main weapon.;nice;;;
modification/muzzle_hexagon_suppressor;Hexagon;Suppressor;nice;;;
modification/muzzle_hexagon_suppressor/desc;Installs a suppressor on the main weapon.;Installs a suppressor on the main weapon.;nice;;;
modification/muzzle_rotor43_svdm_suppressor;DTK Rotor-43;Suppressor;trim;;;
modification/muzzle_rotor43_svdm_suppressor/desc;Installs a suppressor on the main weapon.;Installs a suppressor on the main weapon.;nice;;;
modification/muzzle_pp_19_suppressor;PBS1;Suppressor;nice;;;
modification/muzzle_pp_19_suppressor/desc;Installs a suppressor on the main weapon.;Installs a suppressor on the main weapon.;nice;;;
modification/grip_vertical_tangodown;Tangodown;Vertical front grip;nice;;;
modification/grip_vertical_tangodown/desc;Installs a vertical front grip on the main weapon.;Installs a vertical front grip on the main weapon.;nice;;;
modification/grip_vertical_utg_5_position;Leapers UTG 5-position;Vertical front grip;trim;;;
modification/grip_vertical_utg_5_position/desc;Installs a vertical front grip on the main weapon.;Installs a vertical front grip on the main weapon.;nice;;;
modification/grip_vertical_rk2;Rk2;Vertical front grip;nice;;;
modification/grip_vertical_rk2/desc;Installs a vertical front grip on the main weapon.;Installs a vertical front grip on the main weapon.;nice;;;
modification/grip_vertical_utg_qd;Leapers UTG QD;Vertical front grip;nice;;;
modification/grip_vertical_utg_qd/desc;Installs a vertical front grip on the main weapon.;Installs a vertical front grip on the main weapon.;nice;;;
modification/grip_vertical_molot;Molot;Vertical front grip;nice;;;
modification/grip_vertical_molot/desc;Installs a vertical front grip on the main weapon.;Installs a vertical front grip on the main weapon.;nice;;;
modification/grip_angled_magpul;Magpul AFG;Angled front grip;nice;;;
modification/grip_angled_magpul/desc;Installs an angled front grip on the main weapon.;Installs an angled front grip on the main weapon.;nice;;;
modification/grenade_launcher_m320;M320;Grenade launcher;nice;;;
modification/grenade_launcher_m320/desc;Installs a grenade launcher on the main weapon.;Installs a grenade launcher on the main weapon.;nice;;;
modification/grenade_launcher_gp_34;GP-34;Grenade launcher;nice;;;
modification/grenade_launcher_gp_34/desc;Installs a grenade launcher on the main weapon.;Installs a grenade launcher on the main weapon.;nice;;;
modification/5_56mm_tracer_ammo_belt;Tracer;Tracers;nice;;;
modification/5_56mm_tracer_ammo_belt/desc;Loads magazines with additional tracer cartridges.;Loads magazines with additional tracer cartridges.;nice;;;
modification/5_56mm_ap_ammo_belt;Armor-piercing;Armor-piercing;same;;;
modification/5_56mm_ap_ammo_belt/desc;Loads magazines with additional armor-piercing cartridges.;Loads magazines with additional armor-piercing cartridges.;nice;;;
modification/magazine_magpul_pmag_30_round;PMAG 30;Magazine 30;nice;;;
modification/magazine_magpul_pmag_30_round/desc;Installs a light plastic magazine with 30-round capacity on the main weapon.;Installs a light plastic magazine with 30-round capacity on the main weapon.;nice;;;
modification/magazine_magpul_pmag_40_round;PMAG 40;Magazine 40;nice;;;
modification/magazine_magpul_pmag_40_round/desc;Installs a light plastic magazine with 40-round capacity on the main weapon.;Installs a light plastic magazine with 40-round capacity on the main weapon.;nice;;;
modification/magazine_magpul_pmag_60_round;PMAG 60;Magazine 60;nice;;;
modification/magazine_magpul_pmag_60_round/desc;Installs a light plastic magazine with 60-round capacity on the main weapon.;Installs a light plastic magazine with 60-round capacity on the main weapon.;nice;;;
modification/shotgun_mossberg_590;Mossberg 590;Mossberg 590;nice;;;
modification/shotgun_mossberg_590/desc;Allows you to additionally arm one of the soldiers in your squad with a shotgun.;Allows you to additionally arm one of the soldiers in your squad with a shotgun.;nice;;;
modification/shotgun_ks_p;KS-P 18.5;KS-P 18.5;nice;;;
modification/shotgun_ks_p/desc;Allows you to additionally arm one of the soldiers in your squad with a shotgun.;Allows you to additionally arm one of the soldiers in your squad with a shotgun.;nice;;;
modification/machinegun_m240;M240B;M240B;same;;;
modification/machinegun_m240/desc;Allows you to additionally arm one of the soldiers in your squad with a general purpose machine gun.;Allows you to additionally arm one of the soldiers in your squad with a general purpose machine gun.;nice;;;
modification/machinegun_reapr;REAPR;REAPR;same;;;
modification/machinegun_reapr/desc;Allows you to additionally arm one of the soldiers in your squad with a general purpose machine gun.;Allows you to additionally arm one of the soldiers in your squad with a general purpose machine gun.;nice;;;
modification/machinegun_pkp_pecheneg;PKP;PKP Pecheneg;nice;;;
modification/machinegun_pkp_pecheneg/desc;Allows you to additionally arm one of the soldiers in your squad with a general purpose machine gun.;Allows you to additionally arm one of the soldiers in your squad with a general purpose machine gun.;nice;;;
modification/at_laucher_rpg_7;RPG-7;RPG-7;same;;;
modification/at_laucher_rpg_7/desc;Allows you to additionally arm one of the soldiers in your squad with an anti-tank grenade launcher.;Allows you to additionally arm one of the soldiers in your squad with an anti-tank grenade launcher.;nice;;;
modification/at_laucher_at_4;AT-4;AT-4;same;;;
modification/at_laucher_at_4/desc;Allows you to additionally arm one of the soldiers in your squad with an anti-tank grenade launcher.;Allows you to additionally arm one of the soldiers in your squad with an anti-tank grenade launcher.;nice;;;
modification/mpads_igla;9K38 Igla;9K38 Igla;nice;;;
modification/mpads_igla/desc;Allows you to additionally arm one of the soldiers in your squad with a man-portable air-defence system.;Allows you to additionally arm one of the soldiers in your squad with a man-portable air-defence system.;nice;;;
modification/mpads_stinger;FIM-92A;FIM-92A;same;;;
modification/mpads_stinger/desc;Allows you to additionally arm one of the soldiers in your squad with a man-portable air-defence system.;Allows you to additionally arm one of the soldiers in your squad with a man-portable air-defence system.;nice;;;
modification/strike_drone;Loitering munition;Loitering munition;nice;;;
modification/strike_drone/desc;Allows you to additionally arm one of the soldiers in your squad with a kamikaze drone.;Allows you to additionally arm one of the soldiers in your squad with a kamikaze drone.;nice;;;
modification/fpv_drone;FPV drone;FPV drone;nice;;;
modification/fpv_drone/desc;Allows you to additionally arm one of the soldiers in your squad with a FPV drone.;Allows you to additionally arm one of the soldiers in your squad with a FPV drone.;nice;;;
modification/stun_grenade;Stun grenade;Stun grenade;nice;;;
modification/stun_grenade/desc;Allows you to equip soldiers in your squad with stun grenades.;Allows you to equip soldiers in your squad with stun grenades.;nice;;;
modification/smoke_grenade;Smoke grenade;Smoke grenade;nice;;;
modification/smoke_grenade/desc;Allows you to equip soldiers in your squad with smoke grenades.;Allows you to equip soldiers in your squad with smoke grenades.;nice;;;
modification/explosive_charge;Explosive charge;Explosive charge;nice;;;
modification/explosive_charge/desc;Allows you to equip soldiers in your squad with remote detonation charges.;Allows you to equip soldiers in your squad with remote detonation charges.;nice;;;
modification/sidearms_pistol_mp_443;MP-443;Sidearms;nice;;;
modification/sidearms_pistol_mp_443/desc;Adds MP-443 pistols to the soldiers' equipment.;Adds pistols to the soldiers' equipment.;trim;;;
modification/sidearms_pistol_beretta_m9;M9;Sidearms;nice;;;
modification/sidearms_pistol_beretta_m9/desc;Adds M9 pistols to the soldiers' equipment.;Adds pistols to the soldiers' equipment.;trim;;;
modification/human_medkit;Extra medkit;Extra medkit;nice;;;
modification/human_medkit/desc;Increases the number of individual first aid kits for each soldier in the squad.;Increases the number of individual first aid kits for each soldier in the squad.;nice;;;
modification/bulletproof_vest_empty;No armor;No armor;nice;;;
modification/bulletproof_vest_default;Default armor;Default armor;nice;;;
modification/bulletproof_vest_default/desc;;;same;;;
modification/bulletproof_vest_light;Light armor;Light armor;nice;;;
modification/bulletproof_vest_light_ghillie;Ghillie suit;Ghillie suit;nice;;;
modification/bulletproof_vest_medium;Medium armor;Medium armor;nice;;;
modification/bulletproof_vest_heavy;Heavy armor;Heavy armor;nice;;;
modification/category/equipment_grenade;Grenades;Grenades;same;;;
modification/category/equipment_special;Special;Special;same;;;
modification/category/equipment_common;Equipment;Equipment;same;;;
modification/item__weight;{value} to weight;{value} to weight;nice;;;
modification/gun__adsSpeedMult;{value} to aiming speed;{value} to aiming speed;nice;;;
modification/gun__recoilAmount;{value} to recoil impulse;{value} to recoil impulse;nice;;;
modification/gun__recoilDirAmount;{value} to recoil predictability;{value} to recoil predictability;nice;;;
modification/gun__recoilControlMult;{value} to recoil control;{value} to recoil control;nice;;;
modification/weap__sprintLerpFactor;{value} to speed up running;{value} to speed up running;nice;;;
armor_parameters/composition;Armor composition and parameters;Armor composition and parameters;nice;;;
armor_parameters/weight;Armor weight;Armor weight;nice;;;
armorSegment/helmet/name;Helmet;Helmet;same;;;
armorSegment/body/name;Torso protection;Torso protection;nice;;;
armorSegment/rear_plate/name;Rear plate;Rear plate;nice;;;
armorSegment/front_plate/name;Front plate;Front plate;nice;;;
armorSegment/side_plate_L/name;Left side plate;Left side plate;nice;;;
armorSegment/side_plate_R/name;Right side plate;Right side plate;nice;;;
armorSegment/groin/name;Groin protection;Groin protection;nice;;;
armorSegment/groin_plate/name;Groin protection plate;Groin protection plate;nice;;;
armorSegment/vest/name;Vest;Vest;same;;;
armorSegment/neck/name;Neck;Neck;same;;;
armorSegment/shoulder_L/name;Left shoulder;Left shoulder;nice;;;
armorSegment/shoulder_R/name;Right shoulder;Right shoulder;nice;;;
streaks/heroic_human;Marksman Elite;Marksman Elite;nice;;;
streaks/heroic_human/other;;;same;;;
streaks/heroic_human/desc;Killed the most infantry.;Destroyed the most enemy infantry.;nice;;;
streaks/heroic_human_survivor;Predator;Predator;same;;;
streaks/heroic_human_survivor/other;;;same;;;
streaks/heroic_human_survivor/desc;Hasn't lost a single infantry fireteam or a single vehicle (whether tank or aircraft) while killing more enemy infantry than any other player on either team.;Hasn't lost a single infantry fireteam or a single vehicle (whether tank or aircraft) while destroying more enemy infantry than any other player on either team.;nice;;;
streaks/heroic_human_punisher;Against all odds;Against all odds;nice;;;
streaks/heroic_human_punisher/other;;;same;;;
streaks/heroic_human_punisher/desc;Killed the most enemy infantry that are by 1.0 battle rating higher than your own.;Destroyed the most enemy infantry that are by 1.0 battle rating higher than your own.;nice;;;
streaks/trophy_near_human;Marksman;Marksman;same;;;
streaks/trophy_near_human/other;;;same;;;
streaks/trophy_near_human/desc;Killed the most enemy infantry. If several players have equal number of destroyed targets, the award is given to the one with a bigger score.;Destroyed the most enemy infantry. If several players have equal number of destroyed targets, the award is given to the one with a bigger score.;nice;;;
streaks/human_bullseye;Bullseye: x%d;Bullseye: x%d;nice;;;
streaks/human_bullseye/other;;;same;;;
streaks/human_bullseye/desc;Reward for causing Cargo 200 from a long distance.;Reward for neutralizing enemy infantry from a long distance.;nice;;;
streaks/human_bullseye/multiple;Bullseye;Bullseye;same;;;
streaks/human_row_melee_kill;Close and Personal: x%d;Close and Personal: x%d;nice;;;
streaks/human_row_melee_kill/multiple;Close and Personal;Close and Personal;nice;;;
streaks/human_row_melee_kill/other;;;same;;;
streaks/human_row_melee_kill/desc;Reward for meleeing 5 enemy infantrymen without losing your own fireteam.;Reward for neutralizing 5 enemy infantrymen with melee weapons without losing your own fireteam.;nice;;;
streaks/human_row_ai_members_kill;Commander: x%d;Commander: x%d;nice;;;
streaks/human_row_ai_members_kill/multiple;Commander;Commander;same;;;
streaks/human_row_ai_members_kill/other;;;same;;;
streaks/human_row_ai_members_kill/desc;Reward for killing enemy infantry with your AI-controlled meat-shields without losing it.;Reward for neutralizing enemy infantry with AI-controlled soldiers of your fireteam without losing it.;nice;;;
streaks/human_kill_entire_squad_rapid;Rapid fire: x%d;Rapid fire: x%d;nice;;;
streaks/human_kill_entire_squad_rapid/multiple;Rapid fire;Rapid fire;nice;;;
streaks/human_kill_entire_squad_rapid/other;;;same;;;
streaks/human_kill_entire_squad_rapid/desc;Reward for quickly defeating an entire enemy fireteam using only your own fireteam.;Reward for quickly neutralizing an entire enemy fireteam using only your own fireteam.;nice;;;
streaks/multi_kill_human;Multistrike x%d!;Multistrike x%d!;nice;;;
streaks/multi_kill_human/other;;;same;;;
streaks/multi_kill_human/desc;Killed %d infantrymen in a row.;Neutralized %d infantrymen in a row.;nice;;;
streaks/multi_kill_human/multiple/desc;Killed several infantrymen in a row.;Neutralized several infantrymen in a row.;nice;;;
streaks/multi_kill_human/multiple;Multistrike!;Multistrike!;same;;;
icon/mpstats/humanKills;╞;╞;same;;;
icon/hud_msg_mp_dmg/kill_h_h;▒;▒;same;;;
icon/hud_msg_mp_dmg/kill_t_h;▔;▔;same;;;
icon/hud_msg_mp_dmg/kill_a_h;▦;▦;same;;;
icon/hud_msg_mp_dmg/kill_h_a;▣;▣;same;;;
icon/hud_msg_mp_dmg/kill_h_t;▣;▣;same;;;
options/infantry_presets;Equipment presets;Equipment presets;nice;;;
modGroup/scope;Scope;Scope;same;;;
modGroup/stock;Stock;Stock;same;;;
modGroup/magazine;Magazine;Magazine;same;;;
modGroup/underbarrel;Underbarrel;Underbarrel;same;;;
modGroup/tactical;Tactical;Tactical;same;;;
modGroup/grip;Grip;Grip;same;;;
modGroup/muzzle;Muzzle;Muzzle;same;;;
unit/squadFeaturesHeader;Additional equipment;Additional equipment;nice;;;
unit/bulletCaliber;Caliber;Caliber;same;;;
unit/bulletSpeed;Bullet velocity;Bullet velocity;nice;;;
unit/bulletMass;Bullet mass;Bullet mass;nice;;;
unit/bulletEnergy;Bullet energy;Bullet energy;nice;;;
unit/bulletArmorPower;Armor power;Armor power;nice;;;
unit/weaponShotFreq;Fire rate;Rate of fire;nice;;;
unit/weaponWeight;Weight (empty);Weight (empty);nice;;;
unit/weaponRecoil;Recoil impulse;Recoil impulse;nice;;;
unit/weaponAmmoHolders;Ammunition;Ammunition;same;;;
location/hvg_granitograd;Granitograd;Granitograd;same;;;
location/hvg_training_ground;Training ground;Training ground;nice;;;
missions/testRun;Test mission;Test mission;nice;;;
missions/granitograd_infdom;Granitograd;Granitograd;same;;;
ak_12_shop;AK-12;AK-12;same;;;
ak_12_0;6P70 AK-12;AK-12;trim;;;
ak_12_1;AK-12;AK-12;same;;;
ak_12_2;AK-12;Assault rifle;nice;;;
ak_15_shop;AK-15;AK-15;same;;;
ak_15_0;6P71 AK-15;AK-15;trim;;;
ak_15_1;AK-15;AK-15;same;;;
ak_15_2;AK-15;Assault rifle;nice;;;
ak_74m_shop;AK-74M;AK-74M;same;;;
ak_74m_0;6P34 AK-74M;AK-74M;trim;;;
ak_74m_1;AK-74M;AK-74;trim;;;
ak_74m_2;AK-74M;Assault rifle;nice;;;
akm_47_shop;AKM;AKM;same;;;
akm_47_0;6P1 AKM;AKM;trim;;;
akm_47_1;AKM;AK;trim;;;
akm_47_2;AKM;Assault rifle;nice;;;
aksu_74_shop;AKS-74U;AKS-74U;same;;;
aksu_74_0;6P26 AKS-74U;AKS-74U;trim;;;
aksu_74_1;AKS-74U;AKS-74U;same;;;
aksu_74_2;AKS-74U;Assault rifle;nice;;;
asm_val_shop;ASM Val;ASM Val;nice;;;
asm_val_0;"6P30M ASM ""Val""";ASM Val;trim;;;
asm_val_1;ASM Val;AS Val;trim;;;
asm_val_2;ASM Val;Assault rifle;nice;;;
colt_9_mm_smg_shop;Colt SMG;Colt 9mm SMG;nice;;;
colt_9_mm_smg_0;Colt SMG R0991, Cal 9MM NATO;Colt 9mm SMG;trim;;;
colt_9_mm_smg_1;Colt SMG;Colt 9mm;nice;;;
colt_9_mm_smg_2;Colt SMG;SMG;trim;;;
kord_6p68_shop;6P68 Kord;Kord 6P68;nice;;;
kord_6p68_0;6P68 Kord A-762;Kord 6P68;trim;;;
kord_6p68_1;6P68 Kord;6P68;trim;;;
kord_6p68_2;6P68 Kord;Assault rifle;nice;;;
m110a1_sdmr_shop;M110A1;M110 SDMR;nice;;;
m110a1_sdmr_0;M110A1 SDMR;M110 SDMR;trim;;;
m110a1_sdmr_1;M110A1;M110;trim;;;
m110a1_sdmr_2;M110A1;DMR;trim;;;
m16a1_shop;M16A1;M16A1;same;;;
m16a1_0;M16A1;M16A1;same;;;
m16a1_1;M16A1;M16;trim;;;
m16a1_2;M16A1;Assault rifle;nice;;;
m16a4_shop;M16A4;M16A4;same;;;
m16a4_0;M16A4;M16A4;same;;;
m16a4_1;M16A4;M16;trim;;;
m16a4_2;M16A4;Assault rifle;nice;;;
m249_para_shop;M249 Para;M249 Para;nice;;;
m249_para_0;"M249 Para SAW ""Minimi""";M249 Para;trim;;;
m249_para_1;M249 Para;Minimi;trim;;;
m249_para_2;M249 Para;LMG;trim;;;
m4a1_shop;M4A1;M4A1;same;;;
m4a1_0;M4A1;M4A1;same;;;
m4a1_1;M4A1;M4;trim;;;
m4a1_2;M4A1;Assault rifle;nice;;;
mac_11_shop;MAC-11;MAC-11 PDW;nice;;;
mac_11_0;Ingram M11, Cal 9MM Auto;MAC-11 PDW;trim;;;
mac_11_1;MAC-11;MAC-11;same;;;
mac_11_2;MAC-11;SMG;trim;;;
mcmillan_tac_50_shop;Mk 15;TAC-50;nice;;;
mcmillan_tac_50_0;Mk 15 Mod 1 SASR;TAC-50;trim;;;
mcmillan_tac_50_1;Mk 15;TAC-50;nice;;;
mcmillan_tac_50_2;Mk 15;AMR;trim;;;
mk_14_ebr_shop;Mk 14;Mk 14 EBR;nice;;;
mk_14_ebr_0;Mk 14 Mod 0 EBR;Mk 14 EBR;trim;;;
mk_14_ebr_1;Mk 14;M14;trim;;;
mk_14_ebr_2;Mk 14;BR;trim;;;
mk_48_shop;Mk 48;Mk 48;nice;;;
mk_48_0;Mk 48 Mod 1 LWMG;Mk 48;trim;;;
mk_48_1;Mk 48;Minimi;nice;;;
mk_48_2;Mk 48;LMG;trim;;;
pp_19_bizon_shop;PP-19;PP-19;same;;;
pp_19_bizon_0;"PP-19 ""Bizon""";PP-19 Bizon;trim;;;
pp_19_bizon_1;PP-19;ПП-19;nice;;;
pp_19_bizon_2;PP-19;SMG;trim;;;
pp_19_vityaz_shop;PP-19-01;PP-19 Vityaz;nice;;;
pp_19_vityaz_0;"PP-19-01 ""Vityaz-SN""";PP-19 Vityaz;trim;;;
pp_19_vityaz_1;PP-19-01;ПП-19;trim;;;
pp_19_vityaz_2;PP-19-01;SMG;trim;;;
pp_2000_shop;PP-2000;PP-2000;same;;;
pp_2000_0;PP-2000;PP-2000;same;;;
pp_2000_1;PP-2000;PP-2000;same;;;
pp_2000_2;PP-2000;SMG;trim;;;
rpk_16_shop;RPK-16;RPK-16;same;;;
rpk_16_0;RPK-16;RPK-16;same;;;
rpk_16_1;RPK-16;RPK;trim;;;
rpk_16_2;RPK-16;LMG;trim;;;
rpk_74m_shop;RPK-74M;RPK-74M;same;;;
rpk_74m_0;6P39 RPK-74M;RPK-74M;trim;;;
rpk_74m_1;RPK-74M;RPK;trim;;;
rpk_74m_2;RPK-74M;LMG;trim;;;
sig_xm250_shop;XM250;M250;trim;;;
sig_xm250_0;XM250;M250;trim;;;
sig_xm250_1;XM250;M250;trim;;;
sig_xm250_2;XM250;LMG;trim;;;
sig_xm5_shop;XM7;XM5;nice;;;
sig_xm5_0;XM7;XM5;nice;;;
sig_xm5_1;XM7;XM5;nice;;;
sig_xm5_2;XM7;BR;trim;;;
svd_shop;SVD;SVD;same;;;
svd_0;6V1 SVD;SVD;trim;;;
svd_1;SVD;SVD;same;;;
svd_2;SVD;DMR;nice;;;
svd_m_shop;SVDM;SVDM;same;;;
svd_m_0;6V1M SVDM;SVDM;trim;;;
svd_m_1;SVDM;SVD;trim;;;
svd_m_2;SVDM;DMR;trim;;;
vssm_vintorez_shop;VSSM;VSSM Vintorez;nice;;;
vssm_vintorez_0;"6P29M VSSM ""Vintorez""";VSSM Vintorez;trim;;;
vssm_vintorez_1;VSSM;VSS Vintorez;nice;;;
vssm_vintorez_2;VSSM;Assault rifle;nice;;;
uav_inf_fpv_strike_drone_shop;Strike FPV;"Strike UAV type ""FPV""";nice;;;
uav_inf_fpv_strike_drone_0;"Strike UAV type ""FPV""";"Strike UAV type ""FPV""";nice;;;
uav_inf_fpv_strike_drone_1;Strike FPV;"Strike UAV type ""FPV""";nice;;;
uav_inf_fpv_strike_drone_2;Strike FPV;FPV;trim;;;
uav_inf_strike_drone_shop;Strike Wing;"Strike UAV type ""Wing""";nice;;;
uav_inf_strike_drone_0;"Strike UAV type ""Wing""";"Strike UAV type ""Wing""";nice;;;
uav_inf_strike_drone_1;Strike Wing;"Strike UAV type ""Wing""";nice;;;
uav_inf_strike_drone_2;Strike Wing;WING;trim;;;
uav_inf_recon_drone_shop;Recon UAV;Reconnaissance UAV;nice;;;
uav_inf_recon_drone_0;Reconnaissance UAV;Reconnaissance UAV;nice;;;
uav_inf_recon_drone_1;Recon UAV;Reconnaissance UAV;nice;;;
uav_inf_recon_drone_2;Recon UAV;Scout;trim;;;
infantry/squad/member;Soldier;Soldier;same;;;
infantry/squad/member_inactive_advice;train your crew;train your crew;nice;;;
infantry/squad/member_inactive;Inactive;Inactive;same;;;
infantry/squad/members;Soldiers;Soldiers;same;;;
weapons/infantry_empty;Empty;Empty;same;;;
weapons/ammo_box;Ammo box;Ammo box;nice;;;
ammo_box;Ammo box;Ammo box;nice;;;
weapons/ammo_box/desc;Allows all allies to refill ammo. Refills are limited.;Allows all allies to refill ammo in battle. Ammo is limited.;nice;;;
weapons/explosives_box_item;Explosives box;Explosives box;nice;;;
explosives_box_item;Explosives box;Explosives box;nice;;;
weapons/explosives_box_item/desc;Allows all allies to refill explosives. Refills are limited.;Allows all allies to refill explosives in battle. Refills are limited.;nice;;;
weapons/frag_grenade;Frag grenade;Frag grenade;nice;;;
frag_grenade;Frag grenade;Frag grenade;nice;;;
weapons/frag_grenade/desc;An explosive munition for dispersing framents.;An explosive munition designed to destroy infantry.;nice;;;
weapons/ks_p;18,5 KS-P shotgun;18,5 KS-P shotgun;nice;;;
ks_p;18,5 KS-P shotgun;18,5 KS-P shotgun;nice;;;
weapons/ks_p/desc;A shotgun is the forlon hope against drones and the cure for headaches.;A shotgun is effective against drones. It is not recommended to use it against armored infantry.;nice;;;
weapons/m136_at4;M136 AT4 anti-tank rocket launcher;M136 AT4 anti-tank rocket launcher;nice;;;
m136_at4;M136 AT4 anti-tank rocket launcher;M136 AT4 anti-tank rocket launcher;nice;;;
weapons/m136_at4/desc;A single use hand-held anti-tank rocket launcher.;A hand-held anti-tank rocket launcher for destroying armoured vehicles.;nice;;;
weapons/medic_box;Medkits Box;Medkits Box;nice;;;
medic_box;Medkits Box;Medkits Box;nice;;;
weapons/medic_box/desc;Allows all allies to refill medkits in battle. Refills are limited.;Allows all allies to refill medkits in battle. Refills are limited.;nice;;;
weapons/mossberg_590;Mossberg 590 shotgun;Mossberg 590 shotgun;nice;;;
mossberg_590;Mossberg 590 shotgun;Mossberg 590 shotgun;nice;;;
weapons/mossberg_590/desc;A shotgun is the forlon hope against drones and the cure for headaches.;A shotgun is effective against drones. It is not recommended to use it against armored infantry.;nice;;;
weapons/mpads_igla;9K38 Igla MANPADS;9K38 Igla MANPADS;nice;;;
mpads_igla;9K38 Igla MANPADS;9K38 Igla MANPADS;nice;;;
weapons/mpads_igla/desc;Man-portable air-defense systems for destroying low-flying air targets.;Man-portable air-defense systems for destroying low-flying air targets.;nice;;;
weapons/mpads_stinger;FIM-92 Stinger MANPADS;FIM-92 Stinger MANPADS;nice;;;
mpads_stinger;FIM-92 Stinger MANPADS;FIM-92 Stinger MANPADS;nice;;;
weapons/mpads_stinger/desc;Man-portable air-defense systems for destroying low-flying air targets.;Man-portable air-defense systems for destroying low-flying air targets.;nice;;;
weapons/pkp_pecheneg;PKP Pecheneg machine gun ;PKP Pecheneg machine gun ;nice;;;
pkp_pecheneg;PKP Pecheneg machine gun ;PKP Pecheneg machine gun ;nice;;;
weapons/pkp_pecheneg/desc;A general purpose machine gun, primarily designed to fire with bipod deployed.;A general purpose machine gun for destroying infantry. It is recommended to use it after installing it on bipods.;nice;;;
weapons/pslr_1_default;PSRL-1 rocket launcher;PSRL-1 rocket launcher;nice;;;
pslr_1_default;PSRL-1 rocket launcher;PSRL-1 rocket launcher;nice;;;
weapons/pslr_1_default/desc;A hand-held anti-tank rocket launcher for destroying armored vehicles.;A hand-held anti-tank grenade launcher for destroying armoured vehicles.;nice;;;
weapons/reapr;REAPR machine gun ;REAPR machine gun ;nice;;;
reapr;REAPR machine gun ;REAPR machine gun ;nice;;;
weapons/reapr/desc;A general purpose machine gun, primarily designed to fire with bipod deployed.;A machine gun for destroying infantry. It is recommended to use it after installing it on bipods.;nice;;;
weapons/rpg_7;RPG-7 rocket launcher;RPG-7 rocket launcher;nice;;;
rpg_7;RPG-7 rocket launcher;RPG-7 rocket launcher;nice;;;
weapons/rpg_7/desc;A hand-held anti-tank rocket launcher for destroying armored vehicles.;A hand-held anti-tank rocket launcher for destroying armoured vehicles.;nice;;;
weapons/rpg_7_default;RPG-7 rocket launcher;RPG-7 rocket launcher;nice;;;
rpg_7_default;RPG-7 rocket launcher;RPG-7 rocket launcher;nice;;;
weapons/rpg_7_default/desc;A hand-held anti-tank rocket launcher for destroying armored vehicles.;A hand-held anti-tank rocket launcher for destroying armoured vehicles.;nice;;;
weapons/smoke_grenade;Smoke grenade;Smoke grenade;nice;;;
smoke_grenade;Smoke grenade;Smoke grenade;nice;;;
weapons/smoke_grenade/desc;A pyrotechnic device that creates smoke zones for obscuring line-of-sight.;A pyrotechnic device designed to create smoke zones for camouflage purposes.;nice;;;
weapons/stun_grenade;Stun grenade;Stun grenade;nice;;;
stun_grenade;Stun grenade;Stun grenade;nice;;;
weapons/stun_grenade/desc;A non-lethal device that creates light and sound effects to temporarily disorient those affected.;A non-lethal weapon designed to provide light and sound effects on an enemy to temporarily incapacitate them.;nice;;;
weapons/usa_fpv_drone;FPV drone;FPV drone;nice;;;
usa_fpv_drone;FPV drone;FPV drone;nice;;;
weapons/usa_fpv_drone/desc;A quadcopter attached with a 93 mm PG-7VL warhead. Omni-purpose, apply liberally.;A quadcopter with an attached ammo from a hand-held anti-tank rocket launcher. Use against ground vehicles.;nice;;;
weapons/usa_kamikaze_drone;Loitering munition;Loitering munition;nice;;;
usa_kamikaze_drone;Loitering munition;Loitering munition;nice;;;
weapons/usa_kamikaze_drone/desc;An unmanned aerial vehicle with a warhead that can hang out.;An unmanned aerial vehicle with a warhead. Use against ground vehicles.;nice;;;
weapons/usa_recon_drone;Reconnaissance drone;Reconnaissance drone;nice;;;
usa_recon_drone;Reconnaissance drone;Reconnaissance drone;nice;;;
weapons/usa_recon_drone/desc;A quadcopter with software for automatic enemy recognition.;A quadcopter with software for automatic enemy recognition.;nice;;;
weapons/ussr_fpv_drone;FPV drone;FPV drone;nice;;;
ussr_fpv_drone;FPV drone;FPV drone;nice;;;
weapons/ussr_fpv_drone/desc;A quadcopter attached with a 93 mm PG-7VL warhead. Omni-purpose, apply liberally.;A quadcopter with an attached ammo from a hand-held anti-tank rocket launcher. Use against ground vehicles.;nice;;;
weapons/ussr_kamikaze_drone;Loitering munition;Loitering munition;nice;;;
ussr_kamikaze_drone;Loitering munition;Loitering munition;nice;;;
weapons/ussr_kamikaze_drone/desc;An unmanned aerial vehicle with a warhead that can hang out.;An unmanned aerial vehicle with a warhead. Use against ground vehicles.;nice;;;
weapons/ussr_recon_drone;Reconnaissance drone;Reconnaissance drone;nice;;;
ussr_recon_drone;Reconnaissance drone;Reconnaissance drone;nice;;;
weapons/ussr_recon_drone/desc;A quadcopter with software for automatic enemy recognition.;A quadcopter with software for automatic enemy recognition.;nice;;;
userlog/human_player_offender;player;player;same;;;
userlog/human_squad_member_offender;fireteam member;fireteam member;nice;;;
skin_infantry/random_not_default/name;Random not default;Random not default;nice;;;
options/infantry_skin;Camouflage;Camouflage;same;;;
skin_infantry/granit_team1_highbr_camo1/name;Camouflage 2;Camouflage 2;nice;;;
skin_infantry/granit_team1_lowbr_camo1/name;Camouflage 1;Camouflage 1;nice;;;
skin_infantry/granit_team2_highbr_camo1/name;Camouflage 2;Camouflage 2;nice;;;
skin_infantry/granit_team2_lowbr_camo1/name;Camouflage 1;Camouflage 1;nice;;;
45acp_m1911_fmj;.45 M1911 Ball;.45 ACP M1911;trim;;;
45acp_m26_fmj_t;.45 M26 Tracer;.45 ACP M26;trim;;;
45acp_jhp;.45 P+ JHP;.45 АСР P+ JHP;nice;;;
12_7mm_sn;12.7 mm 7N34;12.7 mm 7N34;nice;;;
12_7mm_b32;12.7 mm B-32;12.7 mm B-32;nice;;;
12_7mm_bs41;12.7 mm BS-41;12.7mm BS-41;trim;;;
12_7mm_m20;.50 M20 API;.50 M20 API;nice;;;
14_5mm_bs41;14.5 mm BS-41;14.5 mm BS-41;nice;;;
7_62mm_m2_ball;.30-06 М2 Ball;.30-06 М2;trim;;;
7_62mm_ap;.30-06 M2 AP;.30-06 AP;trim;;;
7_62mm_tracer;.30-06 M2 Tracer;.30-06 T;trim;;;
4_6mm_ap_sx;4.6 mm AP SX;4.6 mm AP SX;nice;;;
5_45mm_7n24_ap;5.45 mm 7N24;5.45 mm 7N24;nice;;;
5_45mm_7n39_ap;5.45 mm 7N39;5.45 mm 7N39;nice;;;
5_45mm_7n6_gp;5.45 mm 7N6;5.45 mm 7N6;nice;;;
5_45mm_7n6m_ep;5.45 mm 7N6M;5.45 mm 7N6M;nice;;;
5_45mm_7n10_ep;5.45 mm 7N10;5.45 mm 7N10;nice;;;
5_45mm_7n22_ep;5.45 mm 7N22;5.45 mm 7N22;nice;;;
5_45mm_7t3_tracer;5.45 mm 7T3;5.45 mm 7T3;nice;;;
5_56mm_m995_ap;5.56 mm M995;5.56 mm M995;nice;;;
5_56mm_m193_ball;5.56 mm M193;5.56 mm M193;nice;;;
5_56mm_m196_tracer;5.56 mm M196;5.56 mm M196;nice;;;
5_56mm_m855_ep;5.56 mm M855;5.56 mm M855;nice;;;
5_56mm_m855a1_ep;5.56 mm M855A1;5.56 mm M855A1;nice;;;
5_56mm_m856_tracer;5.56 mm M856;5.56 mm M856;nice;;;
5_8mm_dbp_87_gp;5.8 mm DBP-87;5.8 mm DBP-87;nice;;;
6_8mm_m1186_gp;6.8 mm M1186;6.8 mm M1186;nice;;;
6_8mm_m1184_ap;6.8 mm M1184;6.8 mm M1184;nice;;;
6_8mm_m1187_t;6.8 mm M1187;6.8 mm M1187;nice;;;
7_62mm_tt;7.62 mm 57-N-134;7.62 mm 57-N-134;nice;;;
7_62mm_57n134s;7.62 mm 57-N-134S;7.62 mm 57-N-134S;nice;;;
7_62mm_bz_ap;7.62 mm 57-BZ-231;7.62 mm 57-BZ-231;nice;;;
7_62mm_m1943_gp;7.62 mm M43;7.62 mm M43;nice;;;
7_62mm_57n231_gp;7.62 mm 57-N-231;7.62 mm 57-N-231;nice;;;
7_62mm_57n231_ep;7.62 mm 57-N-231M;7.62 mm 57-N-231M;nice;;;
7_62mm_7n23_ap;7.62 mm 7N23;7.62 mm 7N23;nice;;;
7_62mm_57t231_tracer;7.62 mm 57-T-231;7.62 mm 57-T-231;nice;;;
7_62mm_m993_ap;7.62 mm M993;7.62 mm M993;nice;;;
7_62mm_m118_ball;7.62 mm M118;7.62 mm M118;nice;;;
7_62mm_m80_ball;7.62 mm M80;7.62 mm M80;nice;;;
7_62mm_m59_ball;7.62 mm M59;7.62 mm M59;nice;;;
7_62mm_m61_ap;7.62 mm M61;7.62 mm M61;nice;;;
7_62mm_m62_tracer;7.62 mm M62;7.62 mm M62;nice;;;
7_62mm_57n223s_gp;7.62 mm LPS;7.62 mm LPS;nice;;;
7_62mm_57n223s_st_m2_ep;7.62 mm ST-M2;7.62 mm ST-M2;nice;;;
7_62mm_57n223_gp;7.62 mm L;7.62 mm L;nice;;;
7_62mm_57b222;7.62 mm B-30;7.62 mm B-30;nice;;;
7_62mm_57bz322;7.62 mm B-32;7.62 mm B-32;nice;;;
7_62mm_57bzt322;7.62 mm BZT;7.62 mm BZT;nice;;;
7_62mm_bs_40;7.62 mm BS-40;7.62 mm BS-40;nice;;;
7_62mm_7n1;7.62 mm 7N1;7.62 mm 7N1;nice;;;
7_62mm_7n13_ap;7.62 mm 7N13;7.62 mm 7N13;nice;;;
7_62mm_7n14_ap;7.62 mm 7N14;7.62 mm 7N14;nice;;;
7_62mm_7n26_ap;7.62 mm 7N26;7.62 mm 7N26;nice;;;
7_62mm_7n37_hc;7.62 mm 7N37;7.62 mm 7N37;nice;;;
7_62mm_7bt1_tracer;7.62 mm 7BT1;7.62 mm 7BT1;nice;;;
7_62mm_7t2_tracer;7.62 mm 7T2;7.62 mm 7T2;nice;;;
7_62mm_t_30;7.62 mm 57-T-322 (T-30);7.62 mm 57-T-322;trim;;;
7_62mm_t_46;7.62 mm 57-T-322 (T-46);7.62 mm 57-T-322;trim;;;
9mm_57n181_fmj;9 mm 57-N-181;9 mm 57-N-181;nice;;;
9mm_57n181s_sc;9 mm 57-N-181S;9 mm 57-N-181S;nice;;;
9mm_57t181_sc_t;9 mm 57-T-181;9 mm 57-T-181;nice;;;
9mm_7n16_ap;9 mm 7N16;9 mm 7N16;nice;;;
9mm_7n25_ap;9 mm 7N25;9 mm 7N25;nice;;;
9mm_ppe_jhp;9 mm PPE;9 mm PPE;nice;;;
9mm_7n31_ap;9 mm 7N31;9 mm 7N31;nice;;;
9mm_7n21_ap;9 mm 7N21;9 mm 7N21;nice;;;
9mm_m882_fmj;9 mm M882;9 mm M882;nice;;;
9mm_m1152_fmj;9 mm M1152;9 mm M1152;nice;;;
9mm_m1153_jhp;9 mm M1153SP;9 mm M1153SP;nice;;;
9mm_ppatr08;9 mm Patr. 08;9 mm Patr. 08;nice;;;
9mm_sp10_ap;9 mm SP-10;9 mm SP-10;nice;;;
9mm_sp11_ball;9 mm 7N28;9 mm 7N28;nice;;;
9mm_sp12_hp;9 mm SP-12;9 mm SP-12;nice;;;
9mm_sp13_ap;9 mm SP-13;9 mm SP-13;nice;;;
9mm_sp5_ball;9 mm SP-5;9 mm SP-5;nice;;;
9mm_sp6_ap;9 mm SP-6;9 mm SP-6;nice;;;
9mm_pab_9_ap;9 mm PAB-9;9 mm PAB-9;nice;;;
9mm_bp_ap;9 mm BP;9 mm BP;nice;;;
9mm_spp_ap;9 mm SPP;9 mm SPP;nice;;;
su_9M39;9M39 Igla;9M39 Igla SAM;nice;;;
rpg_2_rocket;RPG-2;RPG-2;same;;;
93mm_pg_7vl;RPG-7 (PG-7VL);RPG-7;trim;;;
84mm_at4;AT4;AT4;same;;;
